"sample_index","timestamp_ms","ch0","ch1","ch2","ch3","ch4","ch5","ch6"
"0","2152956","-37.67","99.06","137.6","242.13","277.34","25.87","-18.67"
"1","2152963","-4.67","-125.94","-133.4","-138.87","223.34","7.87","-111.67"
"2","2152976","-11.67","-347.94","-1.4","-4.87","142.34","31.87","-126.67"
"3","2152989","-7.67","546.06","83.6","162.13","-555.66","-29.13","200.33"
"4","2153001","-31.67","-856.94","146.6","21.13","4.34","35.87","177.33"
"5","2153014","1.33","56.06","159.6","56.13","167.34","63.87","148.33"
"6","2153026","-18.67","259.06","40.6","53.13","-198.66","-27.13","-108.67"
"7","2153038","15.33","-905.94","59.6","58.13","398.34","40.87","-149.67"
"8","2153051","-214.67","873.06","-104.4","-66.87","-462.66","16.87","123.33"
"9","2153064","11.33","-357.94","0.6","-57.87","-92.66","-44.13","-135.67"
"10","2153075","-5.67","316.06","104.6","43.13","419.34","-7.13","65.33"
"11","2153089","27.33","1026.06","172.6","150.13","-280.66","8.87","249.33"
"12","2153101","6.33","-730.94","173.6","130.13","-171.66","76.87","237.33"
"13","2153114","32.33","324.06","45.6","-28.87","-148.66","-55.13","174.33"
"14","2153125","-34.67","184.06","-145.4","40.13","-88.66","9.87","93.33"
"15","2153138","-62.67","-850.94","145.6","42.13","55.34","34.87","203.33"
"16","2153151","21.33","1116.06","112.6","-29.87","-82.66","34.87","-129.67"
"17","2153163","-18.67","7.06","127.6","136.13","283.34","-0.13","-156.67"
"18","2153176","24.33","-491.94","34.6","34.13","390.34","-50.13","-149.67"
"19","2153188","-4.67","795.06","-295.4","-64.87","20.34","60.87","-116.67"
"20","2153201","6.33","-856.94","10.6","17.13","272.34","75.87","62.33"
"21","2153214","-13.67","642.06","79.6","-109.87","339.34","-9.13","-143.67"
"22","2153226","-16.67","622.06","35.6","-19.87","-301.66","-12.13","-155.67"
"23","2153238","-15.67","-904.94","64.6","21.13","374.34","13.87","15.33"
"24","2153250","0.33","1030.06","-173.4","65.13","23.34","-6.13","-166.67"
"25","2153264","-69.67","-44.94","118.6","-72.87","238.34","12.87","-147.67"
"26","2153276","-52.67","-167.94","139.6","-125.87","195.34","7.87","-128.67"
"27","2153289","51.33","-64807.94","-171.4","-9.87","-294.66","58.87","-191.67"
"28","2153300","7.33","-238.94","40.6","249.13","57.34","9.87","229.33"
"29","2153313","1.33","195.06","-52.4","-155.87","238.34","66.87","-188.67"
"30","2153326","-29.67","319.06","-54.4","-262.87","-106.66","-10.13","-162.67"
"31","2153338","25.33","-818.94","104.6","97.13","388.34","-44.13","-103.67"
"32","2153351","-8.67","855.06","-178.4","-261.87","-33.66","-11.13","-181.67"
"33","2153364","-38.67","111.06","18.6","48.13","26.34","-9.13","154.33"
"34","2153376","-36.67","-719.94","189.6","46.13","216.34","-25.13","92.33"
"35","2153389","52.33","1248.06","-95.4","12.13","-341.66","34.87","-6.67"
"36","2153401","-12.67","-666.94","137.6","219.13","100.34","27.87","96.33"
"37","2153413","12.33","746.06","-69.4","-44.87","-1.66","13.87","-139.67"
"38","2153427","0.33","669.06","-69.4","16.13","-345.66","3.87","229.33"
"39","2153439","6.33","-772.94","156.6","-29.87","405.34","33.87","-6.67"
"40","2153451","-24.67","852.06","-197.4","127.13","-156.66","10.87","-143.67"
"41","2153464","-37.67","2.06","71.6","73.13","-152.66","33.87","267.33"
"42","2153476","1.33","-288.94","170.6","78.13","584.34","46.87","-166.67"
"43","2153489","7.33","972.06","-28.4","-150.87","-135.66","4.87","-203.67"
"44","2153501","-31.67","-254.94","21.6","245.13","18.34","90.87","198.33"
"45","2153513","19.33","-153.94","219.6","79.13","18.34","11.87","80.33"
"46","2153527","-12.67","301.06","-13.4","111.13","-229.66","13.87","-51.67"
"47","2153539","-66.67","-1021.94","27.6","72.13","72.34","19.87","-173.67"
"48","2153551","-25.67","394.06","41.6","-40.87","222.34","-5.13","-216.67"
"49","2153564","23.33","-478.94","-45.4","30.13","7.34","12.87","34.33"
"50","2153576","-24.67","-737.94","83.6","16.13","423.34","-19.13","-192.67"
"51","2153589","-3.67","988.06","-175.4","42.13","-227.66","-15.13","-64.67"
"52","2153601","-4.67","-608.94","-364.4","141.13","86.34","17.87","76.33"
"53","2153613","16.33","399.06","60.6","138.13","42.34","-7.13","-160.67"
"54","2153626","-34.67","255.06","-7.4","-8.87","-77.66","-29.13","28.33"
"55","2153639","-7.67","-844.94","125.6","35.13","37.34","-3.13","-9.67"
"56","2153652","-1.67","700.06","-175.4","123.13","-77.66","-4.13","-128.67"
"57","2153663","-28.67","19.06","-120.4","277.13","33.34","27.87","179.33"
"58","2153675","53.33","-548.94","137.6","10.13","486.34","-49.13","-185.67"
"59","2153689","18.33","778.06","-10.4","-38.87","-232.66","31.87","108.33"
"60","2153701","10.33","-619.94","107.6","96.13","190.34","1.87","161.33"
"61","2153714","32.33","-192.94","-53.4","-157.87","328.34","72.87","-167.67"
"62","2153725","-9.67","597.06","-134.4","370.13","-107.66","31.87","-75.67"
"63","2153740","-37.67","-833.94","62.6","45.13","358.34","2.87","-94.67"
"64","2153751","41.33","890.06","-119.4","148.13","-20.66","6.87","-89.67"
"65","2153763","75.33","-223.94","76.6","73.13","-44.66","37.87","30.33"
"66","2153777","22.33","-33007.94","141.6","98.13","393.34","22.87","-267.67"
"67","2153788","-11.67","1063.06","-117.4","-8.87","-236.66","74.87","51.33"
"68","2153801","0.33","-289.94","77.6","-22.87","211.34","-111.13","-113.67"
"69","2153814","34.33","261.06","91.6","71.13","66.34","6.87","2.33"
"70","2153826","-25.67","621.06","-58.4","3.13","65.34","-40.13","-168.67"
"71","2153838","-13.67","-887.94","86.6","145.13","296.34","42.87","46.33"
"72","2153852","-1.67","721.06","-63.4","216.13","42.34","51.87","237.33"
"73","2153864","18.33","139.06","155.6","-42.87","-58.66","3.87","-75.67"
"74","2153876","36.33","-719.94","220.6","-2.87","160.34","54.87","131.33"
"75","2153888","-28.67","1035.06","28.6","-13.87","-229.66","-2.13","320.33"
"76","2153901","45.33","-610.94","43.6","-40.87","-8.66","0.87","-10.67"
"77","2153913","-29.67","-3530.94","-81.4","157.13","13.34","-37.13","109.33"
"78","2153926","3.33","829.06","38.6","112.13","-218.66","16.87","-105.67"
"79","2153938","-33.67","-859.94","162.6","-50.87","27.34","-14.13","173.33"
"80","2153952","12.33","942.06","121.6","166.13","-432.66","48.87","267.33"
"81","2153963","-12.67","-231.94","-170.4","4.13","229.34","13.87","-58.67"
"82","2153976","27.33","-147.94","61.6","308.13","82.34","26.87","101.33"
"83","2153990","-21.67","973.06","-122.4","210.13","-239.66","27.87","88.33"
"84","2154001","9.33","-365.94","163.6","-105.87","160.34","26.87","-40.67"
"85","2154013","-60.67","138.06","174.6","182.13","-17.66","-78.13","171.33"
"86","2154027","0.33","588.06","6.6","230.13","-4.66","19.87","-77.67"
"87","2154040","31.33","-467.94","70.6","176.13","-8474.66","27.87","149.33"
"88","2154051","37.33","1087.06","-75.4","136.13","-238.66","66.87","112.33"
"89","2154064","0.33","178.06","-0.4","164.13","14.34","24.87","-23.67"
"90","2154076","4.33","-693.94","1.6","168.13","436.34","-23.13","74.33"
"91","2154088","52.33","860.06","-43.4","56.13","-290.66","76.87","-27.67"
"92","2154102","27.33","-603.94","28.6","148.13","279.34","-24.13","-52.67"
"93","2154114","-52.67","370.06","115.6","88.13","-139.66","-1.13","80.33"
"94","2154127","0.33","370.06","115.6","184.13","-173.66","32.87","-4.67"
"95","2154138","30.33","-597.94","125.6","-60.87","302.34","27.87","-18.67"
"96","2154150","-33.67","868.06","-59.4","-21.87","-140.66","5.87","154.33"
"97","2154165","47.33","14.06","-44.4","-52.87","-150.66","-55.13","-67.67"
"98","2154176","96.33","-452.94","330.6","109.13","357.34","21.87","-9.67"
"99","2154188","-29.67","838.06","-208.4","11.13","-294.66","30.87","-23.67"
"100","2154202","31.33","-236.94","98.6","243.13","-14.66","54.87","241.33"
"101","2154214","23.33","-97.94","105.6","82.13","246.34","-13.13","87.33"
"102","2154226","-34.67","487.06","-30.4","223.13","-183.66","18.87","15.33"
"103","2154238","1.33","-785.94","242.6","-63.87","377.34","41.87","-63.67"
"104","2154251","-40.67","952.06","-57.4","-69.87","43.34","68.87","-134.67"
"105","2154265","-12.67","952.06","29.6","54.13","-457.66","0.87","15.33"
"106","2154277","-13.67","-848.94","76.6","-295.87","386.34","61.87","-187.67"
"107","2154289","-29.67","1012.06","-84.4","-28.87","-95.66","-17.13","-198.67"
"108","2154302","-56.67","-429.94","129.6","-18.87","199.34","-49.13","68.33"
"109","2154313","-0.67","342.06","80.6","-98.87","408.34","45.87","-123.67"
"110","2154326","-22.67","509.06","-82.4","21.13","-80.66","9.87","-134.67"
"111","2154339","-71.67","-660.94","-27.4","176.13","310.34","51.87","85.33"
"112","2154352","-7.67","579.06","-174.4","2.13","110.34","2.87","-96.67"
"113","2154363","-69.67","222.06","145.6","29.13","-47.66","49.87","69.33"
"114","2154376","-53.67","-590.94","79.6","41.13","411.34","-5.13","-93.67"
"115","2154388","21.33","978.06","-154.4","-0.87","34.34","-104.13","-240.67"
"116","2154402","57.33","-660.94","-21.4","54.13","87.34","17.87","-143.67"
"117","2154414","32.33","-385.94","217.6","-140.87","243.34","6.87","-157.67"
"118","2154426","60.33","647.06","-35.4","100.13","-286.66","-31.13","209.33"
"119","2154438","-10.67","-844.94","127.6","43.13","358.34","-12.13","47.33"
"120","2154451","-44.67","943.06","-177.4","-101.87","3.34","22.87","-100.67"
"121","2154464","-50.67","-273.94","-4001.4","85.13","75.34","-14.13","-65.67"
"122","2154477","1.33","-872.94","196.6","106.13","447.34","-27.13","-155.67"
"123","2154488","39.33","1236.06","-110.4","18.13","-65849.67","6.87","38.33"
"124","2154501","-1.67","-479.94","58.6","-32.87","118.34","19.87","-134.67"
"125","2154514","19.33","151.06","50.6","-104.87","385.34","1.87","-1122.67"
"126","2154526","55.33","507.06","-81.4","151.13","-178.66","-31.13","-128.67"
"127","2154539","-28.67","-1945.94","-103.4","-16372.87","508.34","40.87","-142.67"
"128","2154551","-62.67","464.06","-84.4","84.13","-297.66","26.87","24.33"
"129","2154564","-24.67","83.06","-24.4","33.13","-114.66","10.87","-99.67"
"130","2154576","15.33","-703.94","178.6","5.13","331.34","54.87","36.33"
"131","2154589","-4.67","1038.06","-239.4","-28.87","-188.66","-7.13","132.33"
"132","2154601","-13.67","-618.94","-85.4","199.13","107.34","-62.13","-86.67"
"133","2154615","-22.67","-409.94","-25.4","72.13","426.34","70.87","-44.67"
"134","2154626","1.33","863.06","-81.4","90.13","-108.66","52.87","-104.67"
"135","2154640","-21.67","-596.94","44.6","-83.87","231.34","8.87","-117.67"
"136","2154651","24.33","811.06","-198.4","120.13","-190.66","54.87","46.33"
"137","2154663","-46.67","-128.94","51.6","15.13","55.34","31.87","-162.67"
"138","2154676","-22.67","-451.94","129.6","-59.87","411.34","18.87","-59.67"
"139","2154689","-9.67","1171.06","-76.4","197.13","-289.66","51.87","188.33"
"140","2154702","-38.67","-166.94","-58.4","-154.87","331.34","14.87","127.33"
"141","2154715","-47.67","-71.94","91.6","129.13","292.34","-30.13","192.33"
"142","2154726","-38.67","482.06","35.6","-13.87","-58.66","-31.13","5.33"
"143","2154738","3.33","-927.94","73.6","55.13","156.34","70.87","85.33"
"144","2154753","-50.67","-927.94","156.6","229.13","62.34","5.87","288.33"
"145","2154765","21.33","309.06","-5.4","-23.87","28.34","-12.13","-47.67"
"146","2154777","-10.67","-722.94","271.6","-43.87","41.34","21.87","47.33"
"147","2154788","31.33","1167.06","-43.4","311.13","-424.66","-35.13","111.33"
"148","2154801","2.33","-431.94","-224.4","71.13","148.34","15.87","-161.67"
"149","2154814","16.33","420.06","127.6","99.13","-7.66","52.87","206.33"
"150","2154827","-1.67","912.06","286.6","-79.87","-76.66","30.87","-78.67"
"151","2154840","40.33","-537.94","211.6","90.13","256.34","-1.13","184.33"
"152","2154851","-31.67","634.06","0.6","174.13","-20.66","-22.13","234.33"
"153","2154863","-47.67","-130.94","-17.4","108.13","19.34","-31.13","-217.67"
"154","2154876","-6.67","-637.94","107.6","17.13","269.34","16.87","28.33"
"155","2154889","18.33","972.06","-136.4","79.13","-348.66","29.87","60.33"
"156","2154901","40.33","-15.94","33.6","208.13","132.34","46.87","-71.67"
"157","2154914","3.33","-278.94","-8.4","206.13","103.34","-28.13","246.33"
"158","2154927","8.33","708.06","-147.4","2.13","-106.66","30.87","-118.67"
"159","2154939","-9.67","-777.94","82.6","93.13","229.34","9.87","209.33"
"160","2154951","2.33","861.06","-89.4","-1.87","-98.66","8.87","332.33"
"161","2154966","-34.67","227.06","-76.4","-66.87","-146.66","19.87","-47.67"
"162","2154976","-19.67","-1036.94","112.6","258.13","308.34","-25.13","223.33"
"163","2154992","55.33","985.06","-118.4","188.13","-166.66","4.87","-8.67"
"164","2155001","4.33","-375.94","-56.4","-153.87","201.34","22.87","-114.67"
"165","2155014","-11.67","247.06","46.6","83.13","68.34","43.87","240.33"
"166","2155026","-35.67","333.06","5.6","118.13","-158.66","-16.13","89.33"
"167","2155038","-29.67","-589.94","93.6","197.13","205.34","3.87","158.33"
"168","2155052","-1.67","480.06","-130.4","-71.87","-125.66","21.87","336.33"
"169","2155065","39.33","129.06","-54.4","-88.87","-70.66","-12.13","-89.67"
"170","2155076","-14.67","-814.94","192.6","139.13","346.34","31.87","164.33"
"171","2155088","15.33","814.06","-88.4","137.13","-294.66","5.87","297.33"
"172","2155103","4.33","-2.94","-24.4","130.13","102.34","-40.13","35.33"
"173","2155114","10.33","-508.94","158.6","173.13","217.34","-6.13","192.33"
"174","2155126","-31.67","995.06","49.6","-26.87","-32.66","34.87","-42.67"
"175","2155139","-5.67","-592.94","179.6","102.13","222.34","-27.13","330.33"
"176","2155151","-17.67","897.06","53.6","11.13","9.34","46.87","233.33"
"177","2155164","25.33","-200.94","2.6","-140.87","-132.66","-21.13","11.33"
"178","2155176","0.33","-1065.94","203.6","133.13","564.34","17.87","173.33"
"179","2155189","-43.67","966.06","-60.4","-7.87","-410.66","-20.13","154.33"
"180","2155201","45.33","-213.94","-13.4","-16531.87","176.34","-65.13","-152.67"
"181","2155213","34.33","-49.94","122.6","257.13","133.34","41.87","-42.67"
"182","2155227","7.33","466.06","-152.4","-122.87","-175.66","-34.13","-123.67"
"183","2155240","-14.67","-326.94","-12.4","110.13","-251.66","-22.13","-54.67"
"184","2155251","73.33","426.06","-49.4","154.13","-90.66","16.87","109.33"
"185","2155265","-26.67","454.06","-57.4","35.13","-85.66","-12.13","-126.67"
"186","2155276","-17.67","-958.94","135.6","28.13","389.34","-6.13","-193.67"
"187","2155289","8.33","1159.06","-41.4","222.13","-230.66","9.87","93.33"
"188","2155301","-23.67","-540.94","-78.4","118.13","193.34","37.87","-193.67"
"189","2155315","10.33","-784.94","-53.4","42.13","36.34","-34.13","197.33"
"190","2155327","-40.67","912.06","-81.4","90.13","-131.66","5.87","-36.67"
"191","2155339","12.33","-598.94","79.6","100.13","362.34","11.87","-85.67"
"192","2155352","5.33","727.06","-105.4","177.13","13.34","26.87","47.33"
"193","2155364","-10.67","-10.94","-75.4","28.13","-294.66","10.87","-24.67"
"194","2155377","-10.67","-10.94","226.6","150.13","425.34","2.87","-126.67"
"195","2155390","-6.67","1040.06","-62.4","108.13","199.34","-28.13","-28.67"
"196","2155403","1.33","-338.94","16.6","149.13","-48.66","2.87","23.33"
"197","2155414","-9.67","-478.94","44.6","21.13","405.34","55.87","-149.67"
"198","2155426","54.33","650.06","-64.4","213.13","-49.66","27.87","-53.67"
"199","2155439","-13.67","-842.94","71.6","28.13","187.34","22.87","131.33"
"200","2155451","10.33","141.06","12.6","-85.87","47.34","11.87","-116.67"
"201","2155464","-43.67","503.06","-89.4","73.13","-79.66","42.87","14.33"
"202","2155476","-35.67","-716.94","136.6","-37.87","342.34","68.87","-48.67"
"203","2155490","-19.67","983.06","-80.4","145.13","-199.66","57.87","-66.67"
"204","2155501","3.33","-550.94","66.6","75.13","-5.66","54.87","-6.67"
"205","2155513","-21.67","303.06","159.6","61.13","496.34","-13.13","-150.67"
"206","2155528","5.33","870.06","-19.4","18.13","-87.66","12.87","-149.67"
"207","2155539","-8.67","-538.94","118.6","123.13","269.34","36.87","-21.67"
"208","2155551","-1.67","386.06","-129.4","-15.87","10.34","-14.13","-172.67"
"209","2155564","-277.67","132.06","-112.4","97.13","-92.66","88.87","-34.67"
"210","2155577","21.33","-743.94","226.6","105.13","438.34","41.87","-80.67"
"211","2155590","-9.67","669.06","27.6","-0.87","-250.66","50.87","-118.67"
"212","2155601","-13.67","20.06","85.6","217.13","-34.66","-3.13","-7.67"
"213","2155614","-7.67","-296.94","-29.4","85.13","275.34","24.87","-170.67"
"214","2155628","1.33","700.06","-79.4","92.13","-160.66","48.87","-117.67"
"215","2155639","-14.67","-912.94","155.6","106.13","94.34","20.87","201.33"
"216","2155653","12.33","867.06","-58.4","-28.87","354.34","36.87","-90.67"
"217","2155665","0.33","429.06","-69.4","-146.87","59.34","31.87","-202.67"
"218","2155676","-28.67","-841.94","140.6","110.13","529.34","-32.13","-171.67"
"219","2155689","9.33","853.06","-298.4","-141.87","-256.66","12.87","-63.67"
"220","2155702","85.33","-201.94","3.6","-40.87","97.34","-24.13","-117.67"
"221","2155714","-21.67","24.06","56.6","-77.87","364.34","80.87","-60.67"
"222","2155727","-13.67","875.06","-154.4","32.13","-147.66","-1.13","-63.67"
"223","2155739","55.33","-523.94","164.6","342.13","207.34","43.87","216.33"
"224","2155752","-0.67","350.06","-7.4","-166.87","11.34","0.87","-4.67"
"225","2155764","0.33","249.06","-6.4","106.13","68.34","6.87","79.33"
"226","2155777","33.33","-766.94","116.6","-41.87","474.34","49.87","-186.67"
"227","2155789","76.33","1008.06","-69.4","-205.87","-39.66","31.87","-129.67"
"228","2155802","-11.67","365.06","76.6","-77.87","-80.66","-24.13","25.33"
"229","2155816","42.33","-671.94","-57.4","-95.87","413.34","37.87","30.33"
"230","2155827","-26.67","1006.06","-97.4","154.13","-191.66","93.87","23.33"
"231","2155840","-28.67","-694.94","122.6","207.13","268.34","47.87","-34.67"
"232","2155851","-52.67","523.06","-85.4","18.13","409.34","36.87","-128.67"
"233","2155865","-59.67","665.06","-172.4","-325.87","-136.66","-14.13","-0.67"
"234","2155878","19.33","-710.94","37.6","-120.87","363.34","39.87","-182.67"
"235","2155889","22.33","902.06","-72.4","64.13","-433.66","41.87","-41.67"
"236","2155901","-23.67","-113.94","34.6","27.13","169.34","3.87","-56.67"
"237","2155914","68.33","-151.94","38.6","-106.87","200.34","1.87","-112.67"
"238","2155926","-58.67","627.06","-194.4","141.13","-212.66","4.87","-176.67"
"239","2155940","27.33","-499.94","58.6","203.13","183.34","-41.13","29.33"
"240","2155953","-53.67","93.06","-169.4","-103.87","28.34","4.87","-23.67"
"241","2155964","13.33","243.06","-108.4","143.13","42.34","55.87","-63.67"
"242","2155976","-13.67","-865.94","101.6","-54.87","439.34","45.87","-115.67"
"243","2155988","-6.67","1040.06","-51.4","117.13","-60.66","43.87","-154.67"
"244","2156003","-37.67","256.06","159.6","118.13","207.34","-28.13","-53.67"
"245","2156014","-20.67","-602.94","44.6","49.13","515.34","77.87","-144.67"
"246","2156027","-32.67","1145.06","-192.4","-13.87","-241.66","-14.13","-133.67"
"247","2156039","39.33","-595.94","122.6","267.13","249.34","-14.13","-74.67"
"248","2156052","-38.67","586.06","-140.4","12.13","116.34","-73.13","-196.67"
"249","2156064","-24.67","80.06","-105.4","1.13","54.34","3.87","37.33"
"250","2156079","-3.67","-811.94","143.6","129.13","408.34","-5.13","-113.67"
"251","2156089","-34.67","750.06","-134.4","-58.87","-36.66","-4.13","-164.67"
"252","2156101","-16.67","61.06","90.6","-85.87","-160.66","52.87","125.33"
"253","2156114","-9.67","-429.94","135.6","-17.87","267.34","16.87","-188.67"
"254","2156128","22.33","722.06","-208.4","6.13","-361.66","35.87","96.33"
"255","2156139","15.33","-17189.94","189.6","59.13","164.34","45.87","249.33"
"256","2156151","34.33","-140.94","-58.4","-197.87","277.34","49.87","-179.67"
"257","2156164","16.33","552.06","-173.4","-14.87","44.34","28.87","-181.67"
"258","2156177","12.33","-974.94","160.6","93.13","396.34","53.87","-9.67"
"259","2156189","41.33","982.06","-65.4","361.13","-201.66","-26.13","-8101.67"
"260","2156201","39.33","-295.94","57.6","304.13","192.34","55.87","-10.67"
"261","2156215","45.33","-843.94","95.6","-12.87","559.34","67.87","-196.67"
"262","2156226","-28.67","906.06","-266.4","-130.87","56.34","-35.13","-195.67"
"263","2156239","-15.67","-445.94","133.6","-85.87","230.34","17.87","-163.67"
"264","2156252","-5.67","486.06","162.6","146.13","-70.66","21.87","266.33"
"265","2156264","-9.67","257.06","58.6","-139.87","78.34","-39.13","-180.67"
"266","2156276","-31.67","-827.94","82.6","243.13","314.34","-20.13","-128.67"
"267","2156290","14.33","623.06","-160.4","117.13","-182.66","35.87","-116.67"
"268","2156302","-35.67","2.06","-38.4","31.13","-26.66","-7.13","-151.67"
"269","2156314","-8.67","-656.94","89.6","-987.87","237.34","19.87","-179.67"
"270","2156326","-71.67","831.06","-227.4","7.13","-255.66","-20.13","-140.67"
"271","2156340","27.33","-548.94","63.6","-43.87","216.34","31.87","-189.67"
"272","2156352","-29.67","641.06","-274.4","-57.87","198.34","-53.13","-55.67"
"273","2156364","-41.67","679.06","-235.4","-59.87","-70.66","0.87","-37.67"
"274","2156377","-14.67","-667.94","182.6","121.13","337.34","-47.13","-145.67"
"275","2156390","-4.67","946.06","8.6","100.13","66.34","-7.13","190.33"
"276","2156401","26.33","-241.94","-74.4","-14.87","277.34","26.87","-192.67"
"277","2156414","12.33","-300.94","155.6","232.13","217.34","70.87","242.33"
"278","2156427","-29.67","1105.06","-231.4","-103.87","-300.66","32.87","-64.67"
"279","2156439","-40.67","-380.94","7.6","-75.87","150.34","44.87","-84.67"
"280","2156451","45.33","501.06","9.6","-95.87","65.34","-2.13","198.33"
"281","2156465","33.33","280.06","-241.4","0.13","2.34","-23.13","122.33"
"282","2156477","9.33","-708.94","231.6","113.13","279.34","-16.13","69.33"
"283","2156490","52.33","480.06","60.6","-60.87","255.34","20.87","-123.67"
"284","2156502","-43.67","64.06","14.6","30.13","143.34","73.87","-121.67"
"285","2156514","-25.67","-853.94","58.6","13.13","395.34","19.87","-62.67"
"286","2156527","9.33","753.06","-294.4","53.13","-149.66","24.87","-143.67"
"287","2156539","12.33","-659.94","89.6","-10.87","324.34","42.87","-99.67"
"288","2156553","40.33","-394.94","88.6","-123.87","462.34","-36.13","-234.67"
"289","2156565","-19.67","796.06","-39.4","39.13","-25.66","0.87","-211.67"
"290","2156576","2.33","-876.94","25.6","-160.87","448.34","-91.13","-141.67"
"291","2156591","-19.67","882.06","13.6","-15.87","-55.66","20.87","245.33"
"292","2156602","81.33","50.06","170.6","118.13","-58.66","62.87","239.33"
"293","2156615","66.33","-835.94","255.6","-241.87","426.34","36.87","-143.67"
"294","2156626","-37.67","801.06","-142.4","-36.87","-221.66","-22.13","84.33"
"295","2156640","30.33","-425.94","172.6","-166.87","416.34","11.87","-107.67"
"296","2156652","42.33","-136.94","-78.4","313.13","148.34","38.87","185.33"
"297","2156664","-29.67","431.06","-38.4","75.13","-94.66","3.87","-86.67"
"298","2156677","-22.67","-919.94","179.6","65.13","654.34","13.87","-191.67"
"299","2156690","10.33","962.06","-172.4","-17.87","195.34","4.87","-155.67"
"300","2156702","49.33","312.06","19.6","123.13","35.34","16.87","-128.67"
"301","2156715","9.33","-848.94","-39.4","92.13","410.34","11.87","-166.67"
"302","2156728","4.33","908.06","-184.4","-67.87","-191.66","45.87","-176.67"
"303","2156739","22.33","-549.94","-75.4","-85.87","435.34","9.87","-145.67"
"304","2156751","-14.67","389.06","-4070.4","-63.87","317.34","-29.13","-171.67"
"305","2156765","-22.67","224.06","-145.4","133.13","-107.66","22.87","-68.67"
"306","2156777","57.33","-960.94","64.6","-37.87","365.34","43.87","-185.67"
"307","2156790","-5.67","793.06","49.6","-94.87","-11.66","43.87","-190.67"
"308","2156802","15.33","-89.94","-21.4","-79.87","82.34","2.87","-174.67"
"309","2156815","4.33","-535.94","81.6","-50.87","537.34","30.87","-170.67"
"310","2156827","-16.67","702.06","-163.4","106.13","-155.66","-20.13","-201.67"
"311","2156840","-57.67","-820.94","57.6","37.13","69.34","-20.13","-32.67"
"312","2156852","18.33","-371.94","-34.4","170.13","478.34","70.87","-174.67"
"313","2156864","12.33","665.06","76.6","-21.87","-5.66","6.87","132.33"
"314","2156876","32.33","-804.94","84.6","282.13","314.34","18.87","41.33"
"315","2156890","-0.67","1070.06","14.6","75.13","-277.66","18.87","189.33"
"316","2156902","-2.67","-377.94","-43.4","27.13","150.34","9.87","46.33"
"317","2156914","-32.67","-909.94","114.6","114.13","505.34","18.87","-167.67"
"318","2156926","-4.67","1044.06","-208.4","-42.87","127.34","69.87","-107.67"
"319","2156940","-35.67","-300.94","233.6","121.13","-9.66","25.87","176.33"
"320","2156952","-6.67","269.06","-163.4","136.13","-0.66","-19.13","153.33"
"321","2156964","-29.67","433.06","-129.4","-28.87","33.34","4.87","-113.67"
"322","2156977","-16.67","-984.94","22.6","-50.87","630.34","16.87","-240.67"
"323","2156990","-11.67","451.06","-124.4","31.13","73.34","-13.13","-177.67"
"324","2157002","-50.67","213.06","149.6","-2.87","92.34","33.87","-46.67"
"325","2157015","25.33","-922.94","131.6","-37.87","395.34","7.87","58.33"
"326","2157027","24.33","845.06","-255.4","106.13","-64.66","0.87","141.33"
"327","2157039","-31.67","-717.94","-16.4","-76.87","393.34","-20.13","-254.67"
"328","2157053","-76.67","-576.94","221.6","222.13","395.34","-14.13","145.33"
"329","2157066","-63.67","661.06","-103.4","111.13","-91.66","23.87","-68.67"
"330","2157077","-16.67","-890.94","86.6","-78.87","482.34","-17.13","-241.67"
"331","2157089","-76.67","814.06","54.6","4.13","-40.66","-5.13","61.33"
"332","2157102","-813.67","-275.94","-113.4","15.13","309.34","-27.13","-163.67"
"333","2157114","-7.67","-505.94","28.6","52.13","699.34","18.87","-231.67"
"334","2157127","-28.67","1029.06","-214.4","88.13","-255.66","8.87","42.33"
"335","2157142","-26.67","-315.94","25.6","125.13","229.34","-34.13","-219.67"
"336","2157152","33.33","-302.94","-64.4","-76.87","356.34","34.87","-176.67"
"337","2157166","28.33","-302.94","-190.4","-168.87","-263.66","13.87","136.33"
"338","2157178","-1.67","-926.94","41.6","-17.87","220.34","10.87","-33.67"
"339","2157192","-32.67","185.06","-82.4","9.13","138.34","-26.13","-117.67"
"340","2157202","-9.67","245.06","25.6","175.13","-226.66","17.87","-111.67"
"341","2157215","39.33","-955.94","74.6","-106.87","334.34","17.87","-155.67"
"342","2157228","-44.67","920.06","6.6","28.13","-296.66","-14.13","-9436.67"
"343","2157241","-32.67","-638.94","25.6","236.13","102.34","-5.13","225.33"
"344","2157252","40.33","169.06","25.6","80.13","144.34","-11.13","189.33"
"345","2157264","-35.67","852.06","-166.4","40.13","-58.66","-50.13","-84.67"
"346","2157277","19.33","-680.94","163.6","32.13","314.34","3.87","-62.67"
"347","2157289","-16.67","714.06","5.6","27.13","-11.66","-14.13","90.33"
"348","2157303","-18.67","120.06","-33.4","171.13","37.34","-18.13","156.33"
"349","2157315","93.33","-580.94","62.6","171.13","400.34","11.87","-249.67"
"350","2157328","-14.67","-580.94","-227.4","-4.87","14.34","29.87","-162.67"
"351","2157340","-35.67","-129.94","81.6","-58.87","340.34","-0.13","-135.67"
"352","2157352","-17.67","-351.94","169.6","300.13","22.34","17.87","230.33"
"353","2157366","-12.67","602.06","9.6","-46.87","-254.66","3.87","151.33"
"354","2157377","-18.67","-941.94","129.6","-64.87","474.34","-2.13","-163.67"
"355","2157389","-10.67","1093.06","12.6","-31.87","-85.66","56.87","18.33"
"356","2157402","-43.67","448.06","-49.4","323.13","-263.66","10.87","135.33"
"357","2157415","22.33","-872.94","172.6","-72.87","363.34","20.87","50.33"
"358","2157428","39.33","1140.06","-59.4","283.13","-234.66","-54.13","-148.67"
"359","2157440","39.33","-374.94","44.6","117.13","160.34","24.87","76.33"
"360","2157453","43.33","270.06","344.6","189.13","114.34","-24.13","172.33"
"361","2157464","17.33","405.06","54.6","112.13","-259.66","9.87","198.33"
"362","2157477","-2.67","-673.94","391.6","239.13","140.34","28.87","77.33"
"363","2157490","19.33","462.06","220.6","183.13","15.34","28.87","163.33"
"364","2157502","8.33","61.06","50.6","-16387.87","-80.66","52.87","199.33"
"365","2157514","-35.67","-884.94","169.6","115.13","511.34","7.87","-159.67"
"366","2157527","-11.67","937.06","-96.4","201.13","-341.66","18.87","22.33"
"367","2157542","-43.67","-252.94","2.6","-23.87","-110.66","-11.13","54.33"
"368","2157553","-12.67","-565.94","106.6","-105.87","363.34","58.87","266.33"
"369","2157564","-10.67","679.06","-141.4","-114.87","-298.66","70.87","-26.67"
"370","2157577","-23.67","-923.94","23.6","79.13","394.34","41.87","-181.67"
"371","2157589","31.33","880.06","127.6","-39.87","171.34","33.87","-111.67"
"372","2157602","-48.67","-103.94","-179.4","-146.87","73.34","-5.13","-208.67"
"373","2157615","-41.67","-882.94","145.6","161.13","-54.66","-15.13","186.33"
"374","2157627","5.33","908.06","-172.4","-230.87","39.34","15.87","-168.67"
"375","2157639","7.33","-304.94","1.6","-19.87","313.34","-22.13","-113.67"
"376","2157652","18.33","128.06","219.6","-1.87","195.34","31.87","173.33"
"377","2157665","-13.67","550.06","-193.4","-304.87","3.34","4.87","-183.67"
"378","2157678","0.33","-366.94","-40.4","-82.87","33.34","15.87","51.33"
"379","2157689","46.33","381.06","70.6","205.13","-237.66","72.87","208.33"
"380","2157703","21.33","197.06","84.6","-17.87","-0.66","3.87","-10.67"
"381","2157715","-813.67","-857.94","-32632.4","198.13","411.34","-39.13","-94.67"
"382","2157727","45.33","1026.06","-198.4","79.13","-5.66","-59.13","-135.67"
"383","2157740","-54.67","-498.94","99.6","87.13","178.34","-41.13","235.33"
"384","2157752","13.33","-589.94","295.6","85.13","-20.66","-39.13","174.33"
"385","2157765","-32.67","744.06","-54.4","-44.87","-94.66","46.87","-160.67"
"386","2157779","25.33","-724.94","158.6","-21.87","163.34","-12.13","45.33"
"387","2157791","-21.67","798.06","20.6","258.13","-18.66","-10.13","-79.67"
"388","2157803","24.33","-45.94","83.6","116.13","-92.66","-10.13","12.33"
"389","2157815","-20.67","-45.94","142.6","174.13","536.34","33.87","-69.67"
"390","2157828","29.33","753.06","-60.4","219.13","-978.66","19.87","-46.67"
"391","2157841","12.33","-268.94","196.6","-99.87","237.34","8.87","-195.67"
"392","2157852","31.33","-194.94","285.6","127.13","339.34","31.87","191.33"
"393","2157864","13.33","624.06","-58.4","-5.87","40.34","-6.13","-230.67"
"394","2157878","16.33","-1038.94","93.6","-44.87","354.34","-27.13","-77.67"
"395","2157890","55.33","303.06","149.6","-32.87","-119.66","-15.13","-45.67"
"396","2157902","-31.67","294.06","-150.4","231.13","-180.66","56.87","172.33"
"397","2157915","-61.67","-904.94","36.6","13.13","285.34","81.87","-238.67"
"398","2157927","-36.67","856.06","-138.4","-48.87","-47.66","54.87","-135.67"
"399","2157939","-12.67","-558.94","-105.4","-30.87","37.34","43.87","-35.67"
"400","2157953","2.33","-558.94","27.6","96.13","369.34","33.87","-98.67"
"401","2157966","16.33","1031.06","48.6","-81.87","121.34","28.87","22.33"
"402","2157978","-25.67","-795.94","157.6","-32.87","423.34","3.87","32.33"
"403","2157989","-16.67","458.06","92.6","-10.87","284.34","32.87","-104.67"
"404","2158002","-68.67","175.06","121.6","129.13","-35.66","-2.13","62.33"
"405","2158015","61.33","-875.94","121.6","1.13","434.34","57.87","-164.67"
"406","2158029","-29.67","684.06","-93.4","385.13","116.34","3.87","164.33"
"407","2158040","-7.67","-25.94","123.6","93.13","214.34","-23.13","-48.67"
"408","2158052","30.33","-440.94","226.6","-87.87","209.34","-32.13","-1244.67"
"409","2158065","-3.67","811.06","-120.4","169.13","-341.66","25.87","-15.67"
"410","2158077","-524.67","-831.94","149.6","-29.87","205.34","27.87","-144.67"
"411","2158090","10.33","904.06","52.6","-75.87","-238.66","-60.13","-95.67"
"412","2158102","-22.67","558.06","24.6","-131.87","-20.66","19.87","-59.67"
"413","2158114","-6.67","-849.94","139.6","88.13","271.34","21.87","77.33"
"414","2158128","24.33","759.06","-170.4","23.13","-40.66","-46.13","-89.67"
"415","2158140","44.33","-83.94","29.6","-171.87","-36.66","15.87","30.33"
"416","2158152","-20.67","8.06","150.6","163.13","417.34","-19.13","-138.67"
"417","2158167","3.33","904.06","-54.4","-174.87","-130.66","32.87","0.33"
"418","2158177","-28.67","-535.94","130.6","-148.87","353.34","22.87","-179.67"
"419","2158191","13.33","560.06","-173.4","54.13","385.34","27.87","-160.67"
"420","2158202","-49.67","431.06","-105.4","252.13","-170.66","-49.13","81.33"
"421","2158215","-15.67","-829.94","26505.6","86.13","330.34","52.87","-115.67"
"422","2158227","-37.67","885.06","-115.4","141.13","-244.66","-25.13","-2.67"
"423","2158239","-23.67","-18.94","170.6","239.13","42.34","67.87","78.33"
"424","2158253","13.33","-720.94","161.6","145.13","219.34","-5.13","142.33"
"425","2158265","-30.67","1090.06","-184.4","144.13","-367.66","5.87","152.33"
"426","2158277","-31.67","-629.94","350.6","8.13","225.34","25.87","-111.67"
"427","2158289","23.33","777.06","7.6","70.13","62.34","48.87","18.33"
"428","2158304","-34.67","777.06","-107.4","244.13","-12.66","54.87","178.33"
"429","2158316","-103.67","-1053.94","-0.4","63.13","495.34","5.87","-144.67"
"430","2158327","-23.67","860.06","32.6","180.13","-180.66","-10.13","14.33"
"431","2158340","2.33","-223.94","-24.4","161.13","157.34","18.87","-196.67"
"432","2158353","-75.67","-222.94","59.6","7.13","439.34","39.87","-59.67"
"433","2158365","0.33","793.06","-220.4","-57.87","-293.66","19.87","97.33"
"434","2158377","16.33","-518.94","7.6","253.13","260.34","-19.13","168.33"
"435","2158391","-75.67","137.06","143.6","204.13","117.34","10.87","288.33"
"436","2158403","-32.67","457.06","112.6","-121.87","-345.66","56.87","209.33"
"437","2158415","45.33","-924.94","178.6","231.13","184.34","22.87","226.33"
"438","2158428","-2.67","929.06","-103.4","-75.87","-58.66","11.87","-75.67"
"439","2158442","-31.67","929.06","-103.4","28.13","-85.66","-23.13","-24.67"
"440","2158453","-0.67","-715.94","172.6","234.13","153.34","19.87","161.33"
"441","2158465","18.33","831.06","-200.4","-51.87","-85.66","20.87","-134.67"
"442","2158478","-7.67","-674.94","172.6","295.13","71.34","-44.13","52.33"
"443","2158490","30.33","649.06","97.6","0.13","293.34","46.87","-104.67"
"444","2158502","4.33","110.06","-195.4","57.13","-291.66","16.87","112.33"
"445","2158517","-23.67","-776.94","253.6","61.13","292.34","-13.13","-47.67"
"446","2158527","12.33","747.06","-163.4","154.13","-171.66","-31.13","-162.67"
"447","2158541","31.33","-170.94","-164.4","42.13","-101.66","37.87","-85.67"
"448","2158553","6.33","-602.94","46.6","73.13","417.34","-34.13","-124.67"
"449","2158565","-14.67","714.06","-33.4","-24.87","-242.66","3.87","120.33"
"450","2158577","16.33","-17418.94","174.6","-41.87","289.34","20.87","-101.67"
"451","2158589","-34.67","-65.94","164.6","79.13","-48.66","72.87","20.33"
"452","2158603","15.33","588.06","27.6","184.13","-28.66","44.87","148.33"
"453","2158616","-13.67","-882.94","106.6","6.13","136.34","-31.13","-44.67"
"454","2158627","-1.67","898.06","-206.4","157.13","-20.66","-8.13","-30.67"
"455","2158640","7.33","-352.94","-64.4","33.13","38.34","-16.13","115.33"
"456","2158653","-22.67","-813.94","128.6","246.13","342.34","-19.13","93.33"
"457","2158665","-13.67","1087.06","-77.4","105.13","-365.66","10.87","87.33"
"458","2158678","-20.67","-395.94","330.6","17.13","187.34","17.87","-30.67"
"459","2158691","33.33","421.06","38.6","157.13","114.34","-20.13","135.33"
"460","2158702","-18.67","228.06","106.6","203.13","-423.66","-2.13","104.33"
"461","2158714","-30.67","-1001.94","181.6","53.13","367.34","47.87","-85.67"
"462","2158728","-6.67","667.06","-206.4","90.13","-158.66","19.87","-47.67"
"463","2158740","6.33","-34.94","157.6","95.13","-34.66","17.87","67.33"
"464","2158752","-46.67","-582.94","153.6","17.13","405.34","13.87","14.33"
"465","2158765","-0.67","873.06","-90.4","86.13","-331.66","8.87","218.33"
"466","2158778","8.33","-631.94","206.6","-162.87","265.34","50.87","-82.67"
"467","2158791","16.33","-269.94","-18.4","40.13","28.34","50.87","57.33"
"468","2158802","-34.67","762.06","66.6","204.13","-170.66","45.87","330.33"
"469","2158815","40.33","-1009.94","107.6","155.13","363.34","27.87","16.33"
"470","2158829","43.33","1015.06","23.6","-956.87","-124.66","19.87","274.33"
"471","2158840","4.33","-220.94","81.6","81.13","39.34","-211.13","87.33"
"472","2158853","34.33","-148.94","144.6","86.13","279.34","51.87","141.33"
"473","2158865","0.33","878.06","-114.4","96.13","-187.66","-10.13","-18.67"
"474","2158877","13.33","-317.94","128.6","55.13","56.34","22.87","237.33"
"475","2158889","-23.67","155.06","19.6","325.13","19.34","2.87","109.33"
"476","2158903","-43.67","508.06","139.6","73.13","-427.66","8.87","269.33"
"477","2158915","-54.67","-868.94","281.6","-3.87","270.34","79.87","125.33"
"478","2158928","22.33","-868.94","-205.4","7.13","6.34","-38.13","18.33"
"479","2158940","10.33","55.06","117.6","143.13","-45.66","31.87","254.33"
"480","2158952","-35.67","-746.94","201.6","186.13","261.34","51.87","316.33"
"481","2158966","-21.67","1131.06","-134.4","-65.87","-77.66","-1.13","7.33"
"482","2158979","0.33","-545.94","8.6","112.13","247.34","29.87","171.33"
"483","2158990","-37.67","511.06","115.6","90.13","307.34","-26.13","244.33"
"484","2159003","-16.67","772.06","63.6","-58.87","-313.66","-37.13","323.33"
"485","2159015","-26.67","-767.94","211.6","232.13","357.34","45.87","309.33"
"486","2159028","1.33","828.06","-115.4","202.13","-140.66","30.87","126.33"
"487","2159040","12.33","-71.94","-17.4","223.13","-200.66","-35.13","150.33"
"488","2159053","-75.67","-499.94","222.6","139.13","223.34","10.87","224.33"
"489","2159067","-19.67","1040.06","-78.4","88.13","-17.66","21.87","-28.67"
"490","2159078","-46.67","-377.94","68.6","79.13","234.34","10.87","123.33"
"491","2159090","32.33","-35.94","122.6","121.13","-46.66","-13.13","109.33"
"492","2159102","-17.67","414.06","-73.4","206.13","39.34","-59.13","-33.67"
"493","2159115","-14.67","-841.94","166.6","151.13","170.34","27.87","198.33"
"494","2159128","-9.67","297.06","-84.4","117.13","79.34","17.87","-133.67"
"495","2159140","-2.67","484.06","26.6","237.13","-286.66","31.87","251.33"
"496","2159153","9.33","-935.94","91.6","259.13","92.34","1.87","23.33"
"497","2159165","-17.67","995.06","-61.4","-0.87","-397.66","9.87","201.33"
"498","2159178","-13.67","-519.94","-32.4","252.13","304.34","43.87","-27.67"
"499","2159190","41.33","309.06","18.6","101.13","300.34","51.87","-1052.67"
"500","2159203","29.33","298.06","9.6","113.13","-385.66","-20.13","195.33"
"501","2159215","-6.67","-530.94","84.6","204.13","16.34","55.87","89.33"
"502","2159227","-22.67","596.06","-216.4","13.13","35.34","22.87","-208.67"
"503","2159240","78.33","35.06","148.6","96.13","126.34","-24.13","54.33"
"504","2159253","-15.67","-389.94","137.6","-15.87","515.34","-2.13","-71.67"
"505","2159265","38.33","902.06","-73.4","-24.87","-199.66","39.87","-125.67"
"506","2159279","25.33","-96.94","246.6","-23.87","105.34","28.87","3.33"
"507","2159290","0.33","-119.94","169.6","133.13","-56.66","0.87","-35.67"
"508","2159302","-481.67","691.06","-168.4","102.13","-31.66","19.87","123.33"
"509","2159315","-5.67","-816.94","84.6","44.13","344.34","44.87","-19.67"
"510","2159328","-15.67","1069.06","-123.4","133.13","117.34","-11.13","-210.67"
"511","2159341","-41.67","-16662.94","30.6","-50.87","72.34","11.87","-100.67"
"512","2159352","33.33","-1169.94","107.6","0.13","312.34","57.87","288.33"
"513","2159365","69.33","1174.06","20.6","148.13","-443.66","-33.13","80.33"
"514","2159378","-47.67","-364.94","41.6","-125.87","368.34","23.87","-10.67"
"515","2159391","28.33","234.06","-26.4","344.13","271.34","-12.13","59.33"
"516","2159404","54.33","529.06","-118.4","114.13","-176.66","71.87","-95.67"
"517","2159416","-85.67","-582.94","227.6","1.13","116.34","-4.13","-2.67"
"518","2159428","29.33","406.06","48.6","-193.87","-99.66","68.87","-188.67"
"519","2159440","8.33","210.06","61.6","175.13","39.34","-5.13","52.33"
"520","2159453","-30.67","-695.94","107.6","2.13","110.34","22.87","108.33"
"521","2159466","-14.67","944.06","-292.4","-169.87","-288.66","30.87","-39.67"
"522","2159477","54.33","-1809.94","68.6","24.13","175.34","6.87","-212.67"
"523","2159491","18.33","-458.94","2.6","219.13","257.34","31.87","-109.67"
"524","2159503","-0.67","721.06","-15.4","133.13","-125.66","-25.13","-138.67"
"525","2159515","-5.67","-860.94","49.6","150.13","476.34","41.87","-164.67"
"526","2159528","25.33","924.06","-202.4","32.13","-32902.66","-18.13","-116.67"
"527","2159541","17.33","-219.94","-86.4","204.13","8.34","10.87","-125.67"
"528","2159553","-34.67","-219.94","89.6","-17545.87","230.34","-2.13","84.33"
"529","2159565","-65.67","970.06","-123.4","-10.87","-71.66","-44.13","-123.67"
"530","2159578","24.33","-260.94","95.6","-99.87","297.34","62.87","-69.67"
"531","2159590","-49.67","150.06","-119.4","84.13","1.34","28.87","-6.67"
"532","2159603","7.33","571.06","-64.4","-98.87","-152.66","-1.13","18.33"
"533","2159616","-813.67","-812.94","10.6","-74.87","51.34","40.87","125.33"
"534","2159628","-13.67","318.06","-2.4","-204.87","3.34","1.87","-181.67"
"535","2159641","7.33","154.06","3.6","162.13","-44.66","-29.13","-45.67"
"536","2159652","39.33","-870.94","198.6","116.13","430.34","61.87","23.33"
"537","2159666","-35.67","796.06","-177.4","-100.87","-141.66","-3.13","-48.67"
"538","2159679","-26.67","93.06","142.6","-64.87","24.34","-45.13","96.33"
"539","2159690","-23.67","560.06","111.6","217.13","267.34","32.87","25.33"
"540","2159703","-20.67","958.06","-57.4","-73.87","-161.66","60.87","14.33"
"541","2159715","-29.67","-646.94","51.6","13.13","91.34","62.87","52.33"
"542","2159729","19.33","854.06","-90.4","169.13","11.34","-5.13","-113.67"
"543","2159744","-10.67","677.06","-4.4","6.13","-63.66","3.87","111.33"
"544","2159753","42.33","-563.94","374.6","-41.87","-107.66","-0.13","110.33"
"545","2159767","40.33","779.06","-131.4","-8.87","-219.66","33.87","8.33"
"546","2159777","25.33","-151.94","77.6","247.13","160.34","-14.13","-53.67"
"547","2159792","2.33","-196.94","-4.4","68.13","243.34","67.87","-119.67"
"548","2159803","-9.67","679.06","-234.4","-80.87","-153.66","-8.13","-53.67"
"549","2159817","12.33","-791.94","6.6","-82.87","258.34","29.87","-136.67"
"550","2159827","-36.67","-15486.94","-46.4","-15.87","239.34","-60.13","-74.67"
"551","2159843","3.33","374.06","-195.4","184.13","-206.66","52.87","206.33"
"552","2159853","10.33","-899.94","264.6","117.13","316.34","-4.13","204.33"
"553","2159866","-10.67","882.06","-108.4","-158.87","77.34","9.87","-155.67"
"554","2159878","31.33","-286.94","-128.4","58.13","340.34","-12.13","155.33"
"555","2159890","-94.67","178.06","7.6","-0.87","352.34","29.87","-137.67"
"556","2159904","-39.67","1033.06","-150.4","143.13","-281.66","42.87","-107.67"
"557","2159916","-27.67","-675.94","-78.4","-97.87","320.34","-38.13","-196.67"
"558","2159928","-21.67","690.06","-138.4","101.13","-103.66","-0.13","-9.67"
"559","2159941","30.33","47.06","-97.4","4.13","11.34","67.87","-189.67"
"560","2159952","-31.67","-571.94","77.6","92.13","336.34","-9.13","-117.67"
"561","2159966","16.33","918.06","-35.4","-44.87","-88.66","-6.13","-127.67"
"562","2159978","19.33","-114.94","-187.4","206.13","94.34","30.87","-68.67"
"563","2159990","-6.67","-429.94","148.6","-92.87","403.34","47.87","-199.67"
"564","2160003","-17.67","831.06","50.6","78.13","-135.66","7.87","-217.67"
"565","2160016","30.33","-808.94","-0.4","-46.87","183.34","31.87","-14.67"
"566","2160028","-6.67","783.06","71.6","-85.87","-428.66","-0.13","86.33"
"567","2160040","28.33","783.06","-177.4","148.13","69.34","21.87","-12.67"
"568","2160053","-8.67","-1034.94","-16.4","31.13","218.34","-13.13","-77.67"
"569","2160065","27.33","1041.06","-137.4","-3.87","-103.66","-2.13","-93.67"
"570","2160077","20.33","-282.94","-1.4","-54.87","320.34","-46.13","-55.67"
"571","2160092","22.33","-33.94","183.6","-29.87","280.34","52.87","-133.67"
"572","2160104","47.33","308.06","-209.4","-7.87","-117.66","24.87","-78.67"
"573","2160115","10.33","-371.94","44.6","-41.87","421.34","36.87","-150.67"
"574","2160128","-6.67","154.06","-199.4","-110.87","383.34","-3.13","-104.67"
"575","2160141","-42.67","345.06","-140.4","24.13","-176.66","7.87","34.33"
"576","2160153","-37.67","-878.94","216.6","208.13","400.34","18.87","74.33"
"577","2160166","-813.67","843.06","-34.4","-1.87","-24.66","13.87","-160.67"
"578","2160178","43.33","-453.94","-83.4","150.13","39.34","-21.13","-9.67"
"579","2160190","-43.67","-602.94","116.6","102.13","377.34","-28.13","-193.67"
"580","2160203","6.33","845.06","-28.4","50.13","-67.66","6.87","-180.67"
"581","2160216","27.33","-645.94","128.6","263.13","168.34","26.87","179.33"
"582","2160231","-19.67","-292.94","-41.4","117.13","427.34","4.87","-228.67"
"583","2160240","22.33","154.06","-259.4","-105.87","-65365.66","40.87","-189.67"
"584","2160253","-3.67","-854.94","241.6","78.13","274.34","29.87","91.33"
"585","2160266","17.33","973.06","-164.4","-64.87","-134.66","20.87","-158.67"
"586","2160278","-4.67","-148.94","5.6","-79.87","70.34","-2.13","-72.67"
"587","2160291","85.33","-575.94","223.6","110.13","559.34","28.87","-129.67"
"588","2160305","-54.67","423.06","223.6","28.13","-166.66","18.87","-157.67"
"589","2160317","-21.67","-5100.94","-19.4","88.13","91.34","-65.13","126.33"
"590","2160328","45.33","143.06","-129.4","52.13","148.34","83.87","-73.67"
"591","2160340","4.33","324.06","-73.4","20.13","-21.66","75.87","-173.67"
"592","2160353","6.33","-869.94","72.6","174.13","411.34","34.87","-71.67"
"593","2160365","39.33","936.06","-152.4","-33.87","-113.66","-23.13","-128.67"
"594","2160378","31.33","-293.94","53.6","202.13","111.34","14.87","194.33"
"595","2160392","-16.67","-692.94","281.6","61.13","359.34","13.87","-50.67"
"596","2160403","-31.67","874.06","-238.4","-91.87","-204.66","41.87","54.33"
"597","2160415","-62.67","-304.94","-56.4","119.13","172.34","47.87","56.33"
"598","2160428","-56.67","537.06","80.6","-90.87","149.34","-14.13","-155.67"
"599","2160441","-40.67","293.06","-263.4","-73.87","-277.66","8.87","117.33"
"600","2160453","-58.67","-925.94","225.6","-1014.87","-15961.66","44.87","102.33"
"601","2160465","-508.67","697.06","-145.4","-66.87","-257.66","56.87","-27.67"
"602","2160478","-10.67","-200.94","47.6","4.13","43.34","59.87","191.33"
"603","2160490","-7.67","-536.94","100.6","76.13","235.34","38.87","282.33"
"604","2160503","26.33","712.06","26503.6","-177.87","-131.66","7.87","-87.67"
"605","2160517","2.33","-788.94","-89.4","37.13","418.34","-11.13","69.33"
"606","2160529","50.33","-788.94","-89.4","140.13","438.34","10.87","-140.67"
"607","2160540","-45.67","475.06","-193.4","84.13","136.34","48.87","-145.67"
"608","2160552","-2.67","-933.94","142.6","140.13","308.34","52.87","-102.67"
"609","2160566","36.33","862.06","-303.4","26.13","-72.66","2.87","-6.67"
"610","2160579","33.33","-400.94","-236.4","96.13","353.34","-7.13","-175.67"
"611","2160590","-29.67","-92.94","-48.4","-70.87","173.34","52.87","-92.67"
"612","2160604","-22.67","884.06","-112.4","-167.87","-89.66","56.87","-69.67"
"613","2160616","-16.67","-273.94","-134.4","121.13","97.34","-11.13","-12.67"
"614","2160628","-70.67","333.06","-119.4","-161.87","114.34","67.87","-57.67"
"615","2160642","-33.67","225.06","-63.4","79.13","-47.66","-26.13","-192.67"
"616","2160653","6.33","-827.94","180.6","170.13","355.34","48.87","162.33"
"617","2160665","32.33","-64552.94","-324.4","32.13","158.34","18.87","-195.67"
"618","2160678","-0.67","169.06","-144.4","0.13","169.34","39.87","-113.67"
"619","2160691","90.33","-494.94","62.6","319.13","424.34","0.87","165.33"
"620","2160704","-31.67","852.06","-145.4","35.13","-319.66","-58.13","21.33"
"621","2160717","4.33","-162.94","123.6","296.13","-7.66","11.87","320.33"
"622","2160728","-59.67","732.06","53.6","43.13","73.34","2.87","-189.67"
"623","2160742","-13.67","619.06","-300.4","-60.87","-21.66","-845.13","-152.67"
"624","2160753","19.33","-988.94","175.6","112.13","421.34","73.87","-101.67"
"625","2160765","-12.67","958.06","-104.4","157.13","50.34","-15.13","-128.67"
"626","2160779","33.33","-136.94","-186.4","-87.87","343.34","-6.13","-153.67"
"627","2160791","10.33","-162.94","193.6","57.13","438.34","-0.13","80.33"
"628","2160805","9.33","-3397.94","-119.4","-79.87","-209.66","42.87","-202.67"
"629","2160817","18.33","-374.94","171.6","-31.87","37.34","1.87","32.33"
"630","2160828","-9.67","297.06","-64.4","-132.87","457.34","17.87","-53.67"
"631","2160841","0.33","463.06","-128.4","144.13","-109.66","-12.13","-29.67"
"632","2160854","0.33","-815.94","39.6","72.13","303.34","23.87","-33.67"
"633","2160866","-25.67","1128.06","-4373.4","-16.87","45.34","15.87","-223.67"
"634","2160879","-49.67","71.06","41.6","92.13","118.34","23.87","-102.67"
"635","2160890","-30.67","-717.94","184.6","82.13","592.34","-51.13","209.33"
"636","2160903","-43.67","986.06","-81.4","39.13","-351.66","13.87","173.33"
"637","2160916","40.33","-449.94","133.6","118.13","266.34","24.87","190.33"
"638","2160928","-31.67","591.06","22.6","77.13","117.34","23.87","-111.67"
"639","2160941","-29.67","103.06","20.6","56.13","113.34","24.87","17.33"
"640","2160953","-9.67","-676.94","51.6","-39.87","327.34","46.87","198.33"
"641","2160966","-35.67","697.06","-215.4","164.13","-23.66","-13.13","-110.67"
"642","2160979","-9.67","-70.94","37.6","61.13","-49.66","10.87","39.33"
"643","2160991","-22.67","-382.94","217.6","231.13","430.34","16.87","83.33"
"644","2161003","-16.67","787.06","-148.4","319.13","-125.66","45.87","169.33"
"645","2161016","36.33","787.06","2.6","-100.87","-23.66","-19.13","-17.67"
"646","2161029","-20.67","-35.94","57.6","114.13","252.34","102.87","-156.67"
"647","2161041","19.33","593.06","26.6","-90.87","13.34","87.87","-165.67"
"648","2161054","35.33","-850.94","296.6","93.13","134.34","-44.13","138.33"
"649","2161065","9.33","996.06","-247.4","15.13","-17.66","10.87","-158.67"
"650","2161078","12.33","-233.94","54.6","136.13","90.34","-4.13","176.33"
"651","2161091","-23.67","-1079.94","59.6","239.13","371.34","6.87","19.33"
"652","2161103","3.33","786.06","-53.4","79.13","-338.66","17.87","-138.67"
"653","2161116","8.33","-451.94","74.6","-30.87","232.34","59.87","140.33"
"654","2161129","0.33","255.06","-30.4","56.13","120.34","-38.13","-144.67"
"655","2161141","28.33","235.06","-103.4","-11.87","4.34","15.87","80.33"
"656","2161155","-12.67","235.06","250.6","42.13","-36.66","112.87","219.33"
"657","2161166","-19.67","589.06","250.6","80.13","22.34","-6.13","-171.67"
"658","2161178","-19.67","97.06","26.6","-18.87","-137.66","-37.13","166.33"
"659","2161190","13.33","-386.94","-40.4","196.13","349.34","28.87","-40.67"
"660","2161204","24.33","940.06","-9.4","137.13","-142.66","-28.13","115.33"
"661","2161216","1.33","-701.94","37.6","177.13","184.34","19.87","99.33"
"662","2161229","-18.67","-127.94","-9.4","163.13","343.34","61.87","262.33"
"663","2161241","10.33","721.06","-117.4","98.13","-296.66","84.87","154.33"
"664","2161253","-29.67","-919.94","-46.4","75.13","301.34","-19.13","-107.67"
"665","2161266","-28.67","790.06","-21.4","97.13","-157.66","31.87","-94.67"
"666","2161278","6.33","-278.94","119.6","-42.87","103.34","-17.13","-70.67"
"667","2161291","10.33","-16776.94","195.6","38.13","340.34","30.87","11.33"
"668","2161303","24.33","1029.06","-38.4","-47.87","-99.66","55.87","-152.67"
"669","2161315","-14.67","-466.94","89.6","98.13","115.34","42.87","-9436.67"
"670","2161330","0.33","388.06","203.6","120.13","312.34","-19.13","-95.67"
"671","2161341","-25.67","150.06","113.6","-76.87","-178.66","19.87","-14.67"
"672","2161353","-6.67","-768.94","196.6","61.13","292.34","27.87","212.33"
"673","2161367","40.33","570.06","-110.4","-109.87","86.34","13.87","-125.67"
"674","2161378","-15.67","73.06","159.6","41.13","78.34","25.87","55.33"
"675","2161391","57.33","-583.94","275.6","321.13","292.34","4.87","351.33"
"676","2161403","41.33","1156.06","47.6","-59.87","-217.66","29.87","-148.67"
"677","2161416","48.33","-680.94","144.6","173.13","175.34","37.87","303.33"
"678","2161428","-44.67","585.06","-2.4","-25.87","132.34","-16.13","-104.67"
"679","2161441","-35.67","752.06","-187.4","1.13","-127.66","30.87","168.33"
"680","2161455","7.33","-837.94","127.6","96.13","393.34","19.87","-28.67"
"681","2161468","-11.67","869.06","-128.4","0.13","-221.66","-26.13","-4.67"
"682","2161478","-35.67","-34.94","-178.4","186.13","61.34","12.87","-103.67"
"683","2161490","-0.67","-343.94","43.6","184.13","435.34","42.87","99.33"
"684","2161505","-35.67","864.06","-168.4","55.13","-243.66","1.87","-145.67"
"685","2161516","-52.67","-310.94","46.6","91.13","73.34","16.87","266.33"
"686","2161528","10.33","196.06","-18.4","213.13","158.34","56.87","16.33"
"687","2161541","10.33","263.06","40.6","1.13","-137.66","-4.13","-29.67"
"688","2161553","-45.67","-881.94","176.6","331.13","312.34","11.87","129.33"
"689","2161567","5.33","875.06","-41.4","88.13","-65675.67","-15.13","-108.67"
"690","2161579","-16.67","134.06","213.6","-94.87","178.34","27.87","-105.67"
"691","2161591","21.33","-778.94","-39.4","-16.87","271.34","-29.13","-168.67"
"692","2161603","15.33","1053.06","-195.4","-65.87","-76.66","49.87","-96.67"
"693","2161615","-23.67","-499.94","53.6","-37.87","160.34","30.87","-125.67"
"694","2161630","-68.67","404.06","65.6","11.13","190.34","33.87","-246.67"
"695","2161641","45.33","404.06","-184.4","-103.87","-64.66","-18.13","168.33"
"696","2161653","23.33","-760.94","110.6","-172.87","201.34","-40.13","93.33"
"697","2161667","-13.67","730.06","-75.4","132.13","-102.66","86.87","-144.67"
"698","2161678","-38.67","0.06","106.6","84.13","75.34","68.87","-87.67"
"699","2161692","5.33","-487.94","180.6","-123.87","256.34","54.87","48.33"
"700","2161703","-41.67","950.06","-96.4","-112.87","-173.66","11.87","-83.67"
"701","2161716","41.33","-134.94","88.6","81.13","178.34","1.87","84.33"
"702","2161728","39.33","-281.94","-32904.4","-69.87","237.34","35.87","-178.67"
"703","2161741","12.33","510.06","27.6","-121.87","-175.66","2.87","-143.67"
"704","2161755","0.33","-4840.94","-166.4","250.13","150.34","34.87","-57.67"
"705","2161766","-13.67","956.06","-75.4","-76.87","-40.66","9.87","-221.67"
"706","2161778","24.33","-32984.94","-82.4","48.13","200.34","-69.13","-56.67"
"707","2161790","36.33","-824.94","15.6","-19.87","583.34","-17.13","-155.67"
"708","2161804","-79.67","946.06","-22.4","25.13","-135.66","8.87","-135.67"
"709","2161817","-53.67","-461.94","-75.4","-18.87","33.34","-14.13","-2.67"
"710","2161828","64.33","296.06","63.6","-33.87","322.34","53.87","-144.67"
"711","2161841","-65.67","270.06","-59.4","-122.87","-220.66","-20.13","-981.67"
"712","2161855","3.33","-700.94","-94.4","10.13","354.34","74.87","-112.67"
"713","2161866","19.33","478.06","-24.4","-136.87","-191.66","-11.13","-194.67"
"714","2161879","40.33","120.06","-114.4","61.13","194.34","22.87","-29.67"
"715","2161891","-50.67","-609.94","161.6","69.13","421.34","44.87","-115.67"
"716","2161903","-21.67","1029.06","-4.4","-41.87","-169.66","48.87","-77.67"
"717","2161915","-38.67","-622.94","129.6","42.13","-11.66","6.87","87.33"
"718","2161930","-5.67","-628.94","129.6","258.13","346.34","7.87","72.33"
"719","2161941","27.33","640.06","47.6","-181.87","-285.66","15.87","-1.67"
"720","2161954","34.33","-772.94","235.6","78.13","178.34","2.87","147.33"
"721","2161966","12.33","622.06","-178.4","-67.87","222.34","-17.13","-244.67"
"722","2161979","-10.67","-76.94","-97.4","-33.87","11.34","20.87","-194.67"
"723","2161992","-299.67","-905.94","205.6","-2.87","430.34","-7.13","-181.67"
"724","2162003","18.33","1199.06","-129.4","-15.87","-350.66","52.87","114.33"
"725","2162016","-5.67","-327.94","64.6","43.13","-275.66","-50.13","55.33"
"726","2162029","-4.67","235.06","102.6","112.13","408.34","24.87","-84.67"
"727","2162041","-53.67","406.06","-164.4","27.13","-155.66","15.87","-165.67"
"728","2162054","-2.67","-706.94","45.6","262.13","-5.66","54.87","171.33"
"729","2162066","-54.67","478.06","-45.4","35.13","-104.66","18.87","-125.67"
"730","2162078","52.33","218.06","6.6","-175.87","59.34","25.87","-145.67"
"731","2162093","-45.67","-912.94","141.6","-44.87","449.34","-29.13","-180.67"
"732","2162104","-13.67","834.06","-213.4","-62.87","-235.66","62.87","-262.67"
"733","2162117","-20.67","-422.94","121.6","89.13","101.34","-275.13","-20.67"
"734","2162129","41.33","-422.94","122.6","-62.87","358.34","-15.13","-210.67"
"735","2162141","35.33","882.06","-96.4","-122.87","11.34","-33.13","-90.67"
"736","2162153","-26.67","-718.94","171.6","104.13","324.34","1.87","39.33"
"737","2162167","-63.67","739.06","19.6","-257.87","-49.66","20.87","78.33"
"738","2162179","6.33","49.06","-122.4","-80.87","-175.66","-13.13","44.33"
"739","2162191","-1.67","-513.94","35.6","129.13","520.34","-12.13","-115.67"
"740","2162204","-11.67","889.06","-178.4","-43.87","-60.66","42.87","-229.67"
"741","2162216","5.33","-195.94","88.6","25.13","117.34","-23.13","107.33"
"742","2162230","31.33","-329.94","157.6","21.13","357.34","-29.13","-144.67"
"743","2162242","8.33","501.06","-195.4","88.13","-363.66","36.87","188.33"
"744","2162253","-49.67","-825.94","195.6","-29.87","281.34","26.87","157.33"
"745","2162266","-43.67","970.06","-98.4","-7.87","129.34","-46.13","-147.67"
"746","2162279","-45.67","294.06","37.6","-0.87","-1.66","7.87","210.33"
"747","2162292","22.33","-733.94","299.6","87.13","317.34","14.87","-67.67"
"748","2162305","21.33","908.06","-86.4","203.13","16.34","27.87","-60.67"
"749","2162317","15.33","-347.94","172.6","-237.87","-76.66","45.87","80.33"
"750","2162329","-59.67","22.06","269.6","186.13","320.34","24.87","-29.67"
"751","2162342","4.33","817.06","-133.4","13.13","-386.66","-62.13","86.33"
"752","2162354","43.33","-478.94","96.6","-5.87","366.34","13.87","22.33"
"753","2162368","10.33","507.06","-43.4","128.13","157.34","25.87","-137.67"
"754","2162379","-55.67","150.06","-198.4","49.13","13.34","27.87","54.33"
"755","2162392","7.33","-612.94","167.6","91.13","353.34","17.87","-13.67"
"756","2162404","8.33","907.06","-229.4","121.13","-16.66","11.87","-132.67"
"757","2162416","-0.67","-104.94","130.6","194.13","189.34","19.87","135.33"
"758","2162429","-19.67","-347.94","170.6","-201.87","566.34","51.87","-7.67"
"759","2162441","27.33","1015.06","44.6","268.13","-185.66","27.87","243.33"
"760","2162454","13.33","-703.94","283.6","402.13","-49.66","-44.13","209.33"
"761","2162467","-35.67","859.06","-50.4","121.13","106.34","6.87","186.33"
"762","2162480","-47.67","466.06","72.6","142.13","-189.66","20.87","269.33"
"763","2162491","-15.67","-1065.94","266.6","58.13","271.34","70.87","182.33"
"764","2162503","24.33","978.06","-60.4","264.13","-218.66","-23.13","192.33"
"765","2162516","44.33","-452.94","-101.4","67.13","310.34","-61.13","5.33"
"766","2162529","9.33","197.06","137.6","42.13","381.34","-10.13","25.33"
"767","2162541","-44.67","346.06","84.6","139.13","-303.66","26.87","145.33"
"768","2162554","-28.67","-555.94","224.6","163.13","195.34","41.87","316.33"
"769","2162566","-21.67","340.06","-47.4","-91.87","90.34","10.87","-248.67"
"770","2162579","12.33","326.06","-54.4","85.13","26.34","-4.13","141.33"
"771","2162592","-39.67","-776.94","196.6","49.13","280.34","-15.13","-145.67"
"772","2162604","-1.67","821.06","-296.4","-1140.87","-101.66","-45.13","-198.67"
"773","2162618","-50.67","-489.94","79.6","92.13","77.34","17.87","-32.67"
"774","2162628","48.33","-635.94","28.6","136.13","475.34","-50.13","-156.67"
"775","2162641","31.33","932.06","-6.4","113.13","-226.66","51.87","211.33"
"776","2162654","-40.67","-788.94","156.6","10.13","477.34","-18.13","-233.67"
"777","2162666","20.33","736.06","-192.4","7.13","460.34","-2.13","-123.67"
"778","2162679","40.33","-103.94","-118.4","-96.87","49.34","-9.13","-186.67"
"779","2162692","-16.67","-933.94","107.6","-100.87","430.34","-8.13","-9.67"
"780","2162704","28.33","909.06","-31.4","285.13","-214.66","-33.13","164.33"
"781","2162716","-28.67","-187.94","77.6","-155.87","304.34","-17.13","-178.67"
"782","2162728","-37.67","-291.94","158.6","65.13","-8154.66","-0.13","-54.67"
"783","2162742","-7.67","626.06","-179.4","8.13","-130.66","31.87","-127.67"
"784","2162754","-8.67","-964.94","20.6","-16286.87","168.34","2.87","190.33"
"785","2162766","57.33","236.06","-77.4","9.13","186.34","-7.13","-19.67"
"786","2162779","13.33","324.06","-93.4","49.13","93.34","-26.13","-210.67"
"787","2162793","1.33","-741.94","269.6","206.13","270.34","6.87","126.33"
"788","2162804","1.33","1081.06","-58.4","180.13","-311.66","3.87","218.33"
"789","2162817","1.33","-531.94","122.6","-26.87","288.34","-32.13","-175.67"
"790","2162830","6.33","-708.94","190.6","262.13","300.34","25.87","311.33"
"791","2162841","-8.67","838.06","24.6","99.13","-230.66","9.87","140.33"
"792","2162855","13.33","-793.94","-107.4","87.13","77.34","-10.13","-8.67"
"793","2162867","8.33","561.06","116.6","87.13","-6.66","34.87","98.33"
"794","2162879","-45.67","214.06","-55.4","-142.87","-61.66","64.87","-119.67"
"795","2162892","11.33","-817.94","268.6","-38.87","232.34","7.87","218.33"
"796","2162904","-22.67","849.06","-301.4","190.13","-239.66","0.87","33.33"
"797","2162916","9.33","76.06","-96.4","-74.87","158.34","-73.13","114.33"
"798","2162929","47.33","-338.94","165.6","5.13","232.34","-44.13","-82.67"
"799","2162941","-27.67","784.06","-195.4","-9.87","-8101.66","17.87","-174.67"
"800","2162954","22.33","-780.94","129.6","46.13","-19.66","6.87","259.33"
"801","2162968","-34.67","108.06","-64.4","-23.87","27.34","-25.13","-132.67"
"802","2162978","10.33","508.06","-24.4","-140.87","-131.66","5.87","42.33"
"803","2162993","-71.67","-882.94","91.6","-108.87","334.34","12.87","-183.67"
"804","2163004","-37.67","999.06","-168.4","122.13","-290.66","42.87","186.33"
"805","2163017","-31.67","-372.94","39.6","94.13","-10.66","20.87","300.33"
"806","2163028","18.33","212.06","219.6","66.13","551.34","-24.13","-137.67"
"807","2163041","-51.67","1114.06","77.6","156.13","-382.66","16.87","158.33"
"808","2163056","-38.67","-445.94","185.6","84.13","277.34","-2.13","3.33"
"809","2163066","-44.67","519.06","-14.4","4.13","-55.66","54.87","55.33"
"810","2163079","-47.67","314.06","-148.4","12.13","0.34","-10.13","-51.67"
"811","2163092","-22.67","-670.94","193.6","110.13","398.34","38.87","-157.67"
"812","2163105","70.33","909.06","-59.4","90.13","97.34","-3.13","-128.67"
"813","2163117","49.33","-43.94","35.6","-58.87","109.34","50.87","56.33"
"814","2163130","-29.67","-696.94","71.6","-90.87","435.34","46.87","-70.67"
"815","2163141","2.33","984.06","-43.4","-17.87","-107.66","14.87","148.33"
"816","2163153","-22.67","-903.94","94.6","40.13","455.34","-30.13","42.33"
"817","2163167","19.33","889.06","-102.4","-188.87","243.34","36.87","-8342.67"
"818","2163179","-23.67","580.06","136.6","-89.87","-393.66","52.87","282.33"
"819","2163191","-26.67","-958.94","148.6","246.13","287.34","36.87","-20.67"
"820","2163205","-4.67","949.06","-190.4","-74.87","-8474.66","-52.13","-131.67"
"821","2163216","-28.67","-226.94","-32.4","44.13","-97.66","30.87","253.33"
"822","2163230","-17.67","-36.94","187.6","175.13","355.34","13.87","-153.67"
"823","2163241","25.33","-36.94","-74.4","-269.87","-256.66","16.87","-11.67"
"824","2163254","70.33","-444.94","90.6","-142.87","247.34","23.87","-134.67"
"825","2163266","-25.67","262.06","90.6","141.13","252.34","-26.13","-128.67"
